{"Mods":[{"Author":"Cahoot and Ajax","Name":"FeatsOverhaulPlus","Folder":"FeatsOverhaulPlus","Version":"36451030958866432","Description":"Rebalances vanilla feats and removes ability score cap of 20 for ability score increases from feats. This version incorporates spells from other mods into the changes.","UUID":"c2f1a230-8c0c-481b-9ab2-987e27d7db05","Created":"2025-08-03T20:24:06.5102708-04:00","Dependencies":[],"Group":"08278f9c-c030-43ee-a8c8-e89deab27583"}],"MD5":"daad43a7a0ece9742dbb1fcb09a07fd3"}