{"Mods":[{"Author":"Cahoot and Ajax","Name":"FeatsOverhaulPlus","Folder":"FeatsOverhaulPlus","Version":"36451035253833728","Description":"Rebalances vanilla feats and removes ability score cap of 20 for ability score increases from feats. This version incorporates spells from other mods into the changes.","UUID":"c2f1a230-8c0c-481b-9ab2-987e27d7db05","Created":"2025-08-10T15:23:23.4580029-04:00","Dependencies":[],"Group":"97417bd6-09c8-4886-aabf-aec2d71f44ce"}],"MD5":"414ec297993f089a517eaca6a2735291"}