{"Mods":[{"Author":"Cahoot and Ajax","Name":"FeatsOverhaulPlus","Folder":"FeatsOverhaulPlus","Version":"36451026663899136","Description":"Rebalances vanilla feats and removes ability score cap of 20 for ability score increases from feats. This version incorporates spells from other mods into the changes.","UUID":"c2f1a230-8c0c-481b-9ab2-987e27d7db05","Created":"2025-07-15T19:00:26.8009436-04:00","Dependencies":[],"Group":"eae5b274-97bd-443e-9377-8b831fd09058"}],"MD5":"bd335d8cc8cc7651e3e44ef6b54da85b"}