{"Mods":[{"Author":"Cahoot and Ajax","Name":"FeatsOverhaulPlus","Folder":"FeatsOverhaulPlus","Version":"36451033106350080","Description":"Rebalances vanilla feats and removes ability score cap of 20 for ability score increases from feats. This version incorporates spells from other mods into the changes.","UUID":"c2f1a230-8c0c-481b-9ab2-987e27d7db05","Created":"2025-08-06T10:25:03.0847323-04:00","Dependencies":[],"Group":"2b8f063c-f25b-4444-8eee-bfc07f251e27"}],"MD5":"5e24ddd80d5aa530c01e9f7deb91e49c"}