{"Mods":[{"Author":"Cahoot and Ajax","Name":"FeatsOverhaulPlus","Folder":"FeatsOverhaulPlus","Version":"36451028811382784","Description":"Rebalances vanilla feats and removes ability score cap of 20 for ability score increases from feats. This version incorporates spells from other mods into the changes.","UUID":"c2f1a230-8c0c-481b-9ab2-987e27d7db05","Created":"2025-07-25T18:03:39.9976814-04:00","Dependencies":[],"Group":"039851fe-41b3-441a-b33b-21c36b0d4bbe"}],"MD5":"293f8e03f39292331eaf5f3d05e70b50"}