{"Mods":[{"Author":"Cahoot","Name":"FeatsOverhaul","Folder":"FeatsOverhaul_GWMPatch","Version":"36591746972385280","Description":"Patch for the Feats Overhaul mod to allow GWM to work with all melee weapon attack rolls, and fixing DRS instances in vanilla and mods to prevent GWM from double dipping on damage riders.","UUID":"393ee939-c4c6-4ed4-a7f7-0cccdbb41a02","Created":"2025-08-21T00:09:54.3840191-04:00","Dependencies":[],"Group":"312c8ed9-747f-43fb-9700-fb9a5965fc41"}],"MD5":"edf15ed202d705b9fcb488632f6459cd"}